2,OD000320200903225137,ลุงวิศวกร สอนคำนวณ,0801234567,เลขที่ 20 ถนนพหลโยธิน แขวงสามเสนใน พญาไท กทม. 10400,ems,transfer,รบกวนส่งไลน์มายืนยันตามเบอร์นี้ด้วยนะครับ,2020-09-03 22:51:37.041185,0,/slip.jpg,,3,2020/09/10 21:00,ES34134123423TH
3,OD000320200908203508,สมชาย,0801234567,BTS สนามเป้า,ems,cod,,2020-09-08 20:35:08.876012,1,/slip_4Hm4klM.jpg,,3,2020/09/10 21:00,ES34134123424TH
4,OD000320200908212406,สมชาย,0801234567,test,ems,transfer,-,2020-09-08 21:24:06.241244,1,/slip_Yv1nysO.jpg,,3,2020/09/10 21:00,ES34134123425TH
6,OD000320200914202309,จอห์น โรเบิร์ต,0801234567,BTS สนามเป้า,ems,transfer,,2020-09-14 20:23:09.454959,1,/slip_rXxwB7d.jpg,,3,2020/09/10 21:00,
7,OD000320200914221100,test,test,test,ems,cod,,2020-09-14 22:11:00.980016,1,/slip_LtfUkpA.jpg,,3,2020/09/10 21:00,
8,OD000320200914223812,นายสมศักดิ์ วิศวกร,0801234567,BTS Sanampao,ems,cod,,2020-09-14 22:38:12.796961,1,/slip_TZY4f9e.jpg,,3,2020/09/10 21:00,
11,OD000320200930215239,โรเบโต้,0801234567,226 ถนน.พระราม 1 แขวงรองเมือง เขตปทุมวัน กทม 10330,ems,cod,ขอแบบเร็วๆหน่อยนะครับ,2020-09-30 21:52:39.181103,0,,,3,,
12,OD000320201102202827,Loong,0812345678,Bts sanampao,ems,transfer,,2020-11-02 20:28:27.018262,0,,,3,,
13,OD000320201102213002,ลุงวิศวกร สอนคำนวณ,0801234567,BTS Sanampao,ems,transfer,,2020-11-02 21:30:03.052678,0,,,3,,
14,OD000320201102213331,สมชาย,0801234567,BTS,ems,transfer,,2020-11-02 21:33:32.197268,0,,,3,,
15,OD000320201102213651,สมศักดิ์,0801234567,อนุสาวรีย์,ems,transfer,,2020-11-02 21:36:51.961834,0,,,3,,
